simulation,total_return,annual_return,max_drawdown,sharpe_ratio,final_value,volatility
1,2.093753575643307,0.25660666462790904,-0.3385051918409117,0.8258229915600482,154687.67878216537,0.35290645055831776
2,4.659574426779374,0.41986941422653,-0.3130154686379064,1.2055509400599644,282978.72133896867,0.3387564913473508
3,6.355061157590689,0.4971476831429953,-0.2530327898603358,1.3115625486935185,367753.05787953443,0.3562764572719816
4,4.960480040581657,0.43482340603231195,-0.29810710667603396,1.1754421239242363,298024.00202908285,0.3639111808657964
5,6.870781979505537,0.5178089166964757,-0.2519562161396971,1.2928636857494895,393539.09897527687,0.37868517440020877
6,5.642080930957768,0.46658995848176343,-0.23059643296266255,1.2765026423723858,332104.04654788837,0.3474276412146889
7,5.162377445357953,0.44452271119012843,-0.24089889339034332,1.312237578418638,308118.87226789765,0.3192579553913353
8,4.579935490699363,0.4158056919967108,-0.2715161844660246,1.2352964113686786,278996.77453496814,0.3240995745296622
9,8.91531287164558,0.5903773260177274,-0.22235671798727896,1.5005303366560503,495765.64358227904,0.3501087731766843
10,4.611442908630822,0.4174189128867598,-0.3135289117825889,1.1829322078922369,280572.14543154114,0.3459703160865392
11,3.5881695472309696,0.3608639885925218,-0.27917474356197003,1.1327524178633603,229408.4773615485,0.31678827542686805
12,1.285462790540993,0.18195655757429563,-0.3018342932555606,0.6855929990130246,114273.13952704964,0.3178560961350524
13,13.978822305741769,0.7287693596671567,-0.2234936797948971,1.9190490103478286,748941.1152870884,0.3106044889347208
14,21.339942855753012,0.8743386325557001,-0.2135277182210205,1.9589713617216133,1116997.1427876507,0.35300261019895246
15,1.2161775610566967,0.1746204297663967,-0.3634038601379142,0.6562414868415141,110808.87805283483,0.3290126713662182
16,1.1996302461570605,0.17284132983406564,-0.3622271236750396,0.6371677768658054,109981.51230785303,0.3428602208857936
17,1.9533076075857174,0.2448545478774613,-0.2892869339779643,0.8526468439914452,147665.38037928587,0.31553287787652495
18,4.690592279798823,0.42143981872760605,-0.3058129448141896,1.2627792308981065,284529.61398994114,0.3190050517403185
19,7.008713463975955,0.5231512430655452,-0.21612116362873895,1.413381819951164,400435.67319879774,0.3389959983398943
20,2.584446779203872,0.2945842520350972,-0.2678326257959882,0.9111868973953068,179222.3389601936,0.35148935385442975
21,7.240074452352323,0.5319496768840082,-0.24398719369880523,1.3295537598128613,412003.7226176161,0.3738482635474749
22,1.9803169086188697,0.24714872671272303,-0.4890211682561899,0.8699537056627908,149015.84543094347,0.3088899150080685
23,6.815927438799673,0.5156635329670327,-0.1961685907218776,1.4477600365034078,390796.3719399837,0.3239088040491536
24,3.813945215968916,0.3741493575398098,-0.36614264075948205,1.1350726694927091,240697.2607984458,0.3276791626466188
25,5.859648533306931,0.476181311730703,-0.23723240597351475,1.2809100062243903,342982.42666534655,0.3531550640121043
26,1.019507143932172,0.1527497148630168,-0.2977854824911435,0.6123874665644797,100975.3571966086,0.31243610029512636
27,6.379069844510141,0.4981347908299114,-0.28741736156298064,1.329580849554513,368953.49222550704,0.35050816440970717
28,3.2542850206524436,0.3402271451865637,-0.3530549368883557,1.0053994291346187,212714.25103262218,0.35369557249994804
29,1.411611773219338,0.19486983362461952,-0.31838387248712846,0.7485989122550987,120580.5886609669,0.29682250915339903
30,3.92668537301343,0.3805980913588374,-0.24407212082033383,1.1364061845563425,246334.2686506715,0.33292312579822536
31,1.9837111927575752,0.24743586380116112,-0.27627357762318755,0.8235345486315455,149185.55963787876,0.3379742325777291
32,13.27443036231543,0.7120098985854664,-0.21148630827998138,1.667460478886283,713721.5181157715,0.36230666127110756
33,5.036180422911694,0.4384903881352773,-0.22032147827561188,1.2503098409259823,301809.0211455847,0.3360618022938686
34,6.6530656326176265,0.5092223729328529,-0.2789299299946637,1.3127131738484252,382653.2816308813,0.36428603781058955
35,0.9477841597877579,0.14434985646694098,-0.2984876369234672,0.6130088855662983,97389.2079893879,0.2876566684297415
36,6.59216083359565,0.5067854891487849,-0.21493504497479027,1.3908575030884704,379608.0416797825,0.3352530856756785
37,1.8217729278020625,0.23343657286839004,-0.2801751626363546,0.8082610184133314,141088.64639010312,0.32595684732098695
38,2.141146837557882,0.26047634539351106,-0.3096097134184706,0.9115991002724304,157057.3418778941,0.30544093329496097
39,2.8092914361426318,0.31061190308411657,-0.28518039478589063,0.9895953436469003,190464.57180713158,0.32802591994583447
40,5.487355131559813,0.4596152954518622,-0.18752160858654124,1.255653716489199,324367.75657799066,0.3502846284664502
41,3.7135238261580072,0.3683029956269024,-0.30651951433450003,1.0703137367157363,235676.19130790036,0.35022553576182924
42,0.5009352915450578,0.08559719595897941,-0.46678819962218293,0.4238242149627741,75046.76457725289,0.3012489992642013
43,13.247941517151997,0.7113668930568322,-0.21130156041426193,1.6162404355292923,712397.0758575998,0.37713042415508496
44,1.9027043317472878,0.2405108481825584,-0.24383807231705193,0.8663521921623534,145135.21658736438,0.3015876272736711
45,3.5650415969920495,0.3594738122779737,-0.24309075447471531,1.0985018022510291,228252.07984960248,0.32951664391097496
46,8.544252794393403,0.5781564477484322,-0.25462504653860774,1.4414902355214438,477212.6397196701,0.3628822704295405
47,3.350225937511495,0.3462856624366819,-0.30801726664189505,1.0054956917999485,217511.29687557474,0.3610990990286829
48,2.768185914519145,0.30773920500507046,-0.23840760247128764,0.9416421873839866,188409.29572595726,0.3510766688247089
49,1.446154821758471,0.198311661709778,-0.30401835900067664,0.7278920823628188,122307.74108792355,0.3181806675307167
50,4.247222910434271,0.39831083210648366,-0.29754313747253197,1.1511622982523897,262361.14552171354,0.342502485688803
51,2.186974008692451,0.2641741105254558,-0.3320013136840268,0.8468367885410757,159348.70043462256,0.3491388099660543
52,5.626798513511672,0.46590686829921135,-0.28426453152767234,1.382757177301749,331339.9256755836,0.3120218567287153
53,1.7317105872556353,0.22537125760596144,-0.3228243085943839,0.7917257297529748,136585.52936278176,0.3230816400182522
54,2.1680364423389884,0.2626512264238072,-0.2871064735491739,0.8414320482229266,158401.82211694942,0.351845337910258
55,6.97361591092872,0.5217988587957367,-0.34068226684148734,1.4615376633459947,398680.795546436,0.32333817524737263
56,4.766250425729581,0.42524187206665043,-0.37202410923736284,1.22979634423087,288312.521286479,0.333651570218066
57,1.6458376927418787,0.21748107767800606,-0.3762766745698105,0.7748736620572486,132291.88463709393,0.3200839592179896
58,3.3614972118081887,0.3469904083347082,-0.46649872149484034,1.0154949145024943,218074.86059040943,0.35626410790006113
59,3.9487890233910816,0.3818485897390569,-0.27149034661753507,1.1591309308630722,247439.4511695541,0.3243303688389203
60,4.754767123400825,0.4246673726033452,-0.2947680868112093,1.1895743842715338,287738.35617004125,0.34898461921506935
61,1.1635548571202738,0.16892532703320184,-0.3965995500781345,0.6557300047863299,108177.74285601369,0.3131300097004341
62,1.3229447973272173,0.18585158163267135,-0.3493784589500795,0.6776678405806115,116147.23986636086,0.33372447952037004
63,11.139653148337679,0.6568289493628876,-0.20914063904327151,1.7221808975984756,606982.657416884,0.32386541298034793
64,2.7318532415488472,0.30517917285555973,-0.2329757596744958,1.0650007786076656,186592.66207744236,0.28974066259848186
65,1.2906394357113742,0.18249751892702637,-0.44639665377260834,0.6974879792660278,114531.9717855687,0.308862293302514
66,9.500764771545194,0.6089370941245926,-0.2051424485502316,1.68739560322094,525038.2385772597,0.310727094401152
67,5.548220586228243,0.46237463340301255,-0.36054600350418137,1.3379388993786334,327411.0293114122,0.3232128097266094
68,2.615448680881722,0.29684101478897196,-0.25263085845582584,0.9837357447720201,180772.43404408608,0.31494703199110724
69,4.057079539569661,0.3879114357144364,-0.37858120885605656,1.1398958553698013,252853.97697848303,0.33796147254617004
70,3.404629685994294,0.34967395637253706,-0.30762534528511715,1.1060905827260437,220231.4842997147,0.3167767227904968
71,7.929443717433408,0.5570464364330483,-0.24502636921097787,1.4909837238106607,446472.1858716704,0.3346552848664526
72,14.618410689898742,0.7434508061770084,-0.2793946500661645,1.6549307714031278,780920.534494937,0.37961295401331896
73,1.5873391391909806,0.21198831293852072,-0.3208420736961407,0.736001236088656,129366.95695954903,0.34109444750018075
74,14.707895038082295,0.745466442597952,-0.24207138837838993,1.6588255844200284,785394.7519041147,0.37945296989950955
75,5.135890074875905,0.44326481938002793,-0.2949672677215617,1.2014867333690964,306794.50374379527,0.3589843337569508
76,2.110716492062886,0.2579970939733325,-0.19135293452383198,0.892483036329168,155535.8246031443,0.3120234808144703
77,3.311869737839741,0.3438764435107007,-0.26206901763520246,1.040281097041484,215593.48689198706,0.34062907655082447
78,7.397243422876631,0.5378148853376468,-0.24642533160149804,1.4974945288743877,419862.17114383157,0.3224765647377938
79,1.635756647291878,0.21654146659263085,-0.32544971976068815,0.7877198230005651,131787.8323645939,0.31049050512157345
80,13.32403709739739,0.7132115249588051,-0.18810730333064463,1.7057640400129677,716201.8548698695,0.3521494361347056
81,4.055040611936722,0.3877982436099421,-0.22445379903388235,1.1091109117588787,252752.0305968361,0.35186277865020305
82,3.339249522094647,0.34559795143363226,-0.3932976411571393,1.0246644064983041,216962.47610473237,0.3491154071671835
83,1.5337156876970943,0.2068655684410199,-0.3271934304393417,0.7714803579908586,126685.78438485472,0.3036358006071851
84,3.6551188409855335,0.3648569090915672,-0.22389174661768826,1.16508116413998,232755.94204927667,0.30782601201334064
85,3.7622930283859155,0.37115453742474136,-0.258650947400848,1.1204122270445007,238114.65141929578,0.33136594054499174
86,1.134955407987773,0.1657836531743273,-0.29553044648230214,0.6377834345119027,106747.77039938865,0.3229938617783136
87,1.3563424037214706,0.18928015078837013,-0.3606065335926533,0.6790462848595434,117817.12018607353,0.34302070373401283
88,3.6329452629744754,0.36353955858622133,-0.225681347293385,1.0703052602180994,231647.26314872378,0.34619414965564466
89,1.1399237789138317,0.1663318328189196,-0.28784222942479276,0.6508052143390046,106996.18894569158,0.31087379374601004
90,10.343029119605589,0.6342405676732088,-0.2909946526345935,1.5788080114887777,567151.4559802795,0.3500133709641963
91,5.984831921934565,0.4815904558250055,-0.3059183583869208,1.2390581408772905,349241.59609672823,0.3743149677208049
92,11.683120528683554,0.6715692901370593,-0.26323054365529946,1.6411062992287733,634156.0264341778,0.3508133920257987
93,5.963807412416569,0.4806874248705013,-0.22747431301237087,1.4002344770719761,348190.3706208285,0.31673602635086107
94,3.6975460164256493,0.3673636523678854,-0.28858925978569,1.0614219693071067,234877.30082128246,0.3548481376204735
95,3.4988031886483544,0.35546101933083585,-0.4494165981868159,1.1253133392440278,224940.1594324177,0.3144445398337941
96,8.079266830157739,0.562295130251514,-0.23810862815359557,1.5070013793075978,453963.34150788694,0.3331450152207502
97,3.5397591253223606,0.35794768884472394,-0.22609736570984518,1.1184660093648067,226987.95626611804,0.31970947709957537
98,1.5074289808316501,0.2043226969288321,-0.37798835099619976,0.7005103567277642,125371.4490415825,0.35826572261458184
99,2.4476622271906807,0.28443716358609783,-0.3131341707166764,0.8800910761008772,172383.11135953403,0.3573122146040488
100,0.6586699495345019,0.10776040493433969,-0.342949066632575,0.48152863199546997,82933.4974767251,0.31802319157068043
101,4.75045697660394,0.42445150370881457,-0.25822169485442,1.2586450909661806,287522.848830197,0.3226506254566395
102,15.959602874064021,0.7727433609369934,-0.23258891108237853,1.6781755297896872,847980.1437032011,0.38596661034654534
103,10.20139868443185,0.6300929389474661,-0.19134510333010196,1.6015514233362242,560069.9342215925,0.3418465248259458
104,2.377506022126247,0.27910761036696097,-0.39720387418614883,0.8959338307911408,168875.30110631234,0.3399688223238116
105,0.8296021172541794,0.1299543446640017,-0.32084335785441864,0.541872747143432,91480.10586270897,0.32180771374549355
106,0.398233840916391,0.07014618460755173,-0.3098330265623342,0.3750193654932111,69911.69204581955,0.3114892965599716
107,14.82157793202366,0.7480139826863428,-0.16542952309384587,1.7170414296897014,791078.896601183,0.36437392664122986
108,3.0297954690499367,0.32561310044436365,-0.24914074094361768,1.0316059490671103,201489.77345249683,0.32413692096125646
109,5.353706459169763,0.4534830940172083,-0.1839753169627245,1.334884333841829,317685.3229584882,0.3182878406326001
110,3.658242837412966,0.3650421057539708,-0.3639699436694869,1.1181161647725637,232912.1418706483,0.32610042176125764
111,25.34891953026579,0.9379621365129476,-0.26178442367041127,1.901780239175519,1317445.9765132894,0.3878300880291474
112,2.403596018347539,0.28109981269287654,-0.263115133510849,0.9060143911849151,170179.80091737694,0.33648435623097894
113,0.1764975456751554,0.03341993893184525,-0.4362992435698411,0.25811692331399355,58824.87728375777,0.2866783455587535
114,4.132659473341619,0.39208183202535474,-0.3533703653674582,1.0634131553985453,256632.97366708092,0.3794806148589857
115,5.132076431242754,0.4430833519220343,-0.22433485688177313,1.2844134445223276,306603.8215621377,0.327862615292111
116,0.5894763180606735,0.09825469528934327,-0.6049620118106191,0.45857111945897017,79473.81590303367,0.306298717922832
117,1.4075404564267586,0.19446158639807076,-0.34694705467601117,0.7010458677895591,120377.02282133793,0.3334812258756767
118,4.027794822192331,0.3862821735166184,-0.2294881002614481,1.150368509059869,251389.74110961656,0.33182161920525816
119,3.819517032662066,0.37447088028784403,-0.22782769938061953,1.1656890066537688,240975.8516331033,0.3157911570135868
120,3.7636374152241574,0.37123281333816815,-0.1899224110634041,1.1205441876053532,238181.87076120786,0.3308729542914147
121,7.192602387076258,0.5301605782147254,-0.3475778448434053,1.4247693723468045,409630.1193538129,0.33916937076347053
122,3.411616355457591,0.35010666699559456,-0.20952743990602213,1.0769810916746223,220580.81777287956,0.3295413791249499
123,5.164809357896466,0.4446379869986492,-0.20147188906033794,1.315527766183999,308240.4678948233,0.31866896930989186
124,1.1927727019527747,0.1721009042323438,-0.34771273671935826,0.670349361283521,109638.63509763873,0.30766853300987057
125,2.114429156386673,0.258300609377045,-0.40390644649780555,0.8709515146002649,155721.45781933365,0.3243401654564326
126,8.535607440804363,0.5778672263973783,-0.25453682221783397,1.4988980933134173,476780.37204021815,0.34400471190430937
127,5.698725753392825,0.4691109706423542,-0.20705827694441878,1.302289721690601,334936.28766964126,0.3398402364499142
128,1.9229146067180745,0.2422528544207192,-0.2865521362520231,0.8349659932217717,146145.73033590373,0.3225308759400382
129,5.7093674867387865,0.4695826884297969,-0.2667896801306101,1.3091533136572628,335468.3743369393,0.3381071563715459
130,3.575512476437373,0.3601038909655232,-0.25902853149056576,1.1970918113232056,228775.62382186865,0.29290802604000693
131,3.761398810919599,0.3711024625219963,-0.40351240601614474,1.14420306395754,238069.94054597995,0.3215456015088677
132,7.507622626854717,0.54188186402424,-0.2455654665440418,1.3965252279729004,425381.13134273584,0.35565119151416263
133,10.01596509482122,0.6245988218092637,-0.25153829084645735,1.541711271528653,550798.254741061,0.3559324202276682
134,17.6573376870184,0.8072813891349231,-0.25905342519536595,1.718785205242407,932866.8843509201,0.38839203646658416
135,5.084524802980407,0.44081307280096227,-0.317644356953304,1.199967831534734,304226.24014902033,0.3578153139376601
136,1.5610569165213826,0.20948821787549265,-0.3202760654743207,0.7713419261217006,128052.84582606913,0.30993778955141194
137,2.77565937199488,0.3082633477669672,-0.21658720216769428,0.940518465757202,188782.968599744,0.3519506806762624
138,4.027167966737629,0.3862472155954233,-0.3113061642404881,1.1713225912058454,251358.39833688145,0.32409949252485765
139,6.544080681960974,0.504850697580276,-0.20427299428598153,1.3577978442296834,377204.0340980487,0.3449824485214451
140,4.973389347984813,0.43545135998151796,-0.29270448111584624,1.1807578020874452,298669.46739924065,0.36247232681320823
141,4.875998811761081,0.4306869420372732,-0.23550962116168134,1.214609556419194,293799.940588054,0.3437436460237376
142,11.133358555126923,0.6566551647166061,-0.19990671988572187,1.63541940246011,606667.9277563462,0.345177674130251
143,6.312428107955599,0.4953884892816698,-0.24556546654404152,1.3380378457400373,365621.40539777995,0.34614348838554876
144,2.110757431887851,0.2580004424355762,-0.33287038831363003,0.9041897497543372,155537.87159439255,0.3055767003019559
145,1.4337282724147205,0.19707798689703138,-0.3624014488258813,0.7256836795642378,121686.41362073603,0.31771387343265384
146,5.020632344474337,0.43774023376931326,-0.27420505702072806,1.2554626688031245,301031.61722371686,0.33400535454696834
147,1.2877349818621329,0.1821941226519399,-0.4124055620128958,0.6875470551068741,114386.74909310664,0.31721717217242584
148,1.9440089246386902,0.24406084130248829,-0.26798676547873423,0.8279633287454294,147200.4462319345,0.3300371555487025
149,1.5817907417882915,0.21146221459774384,-0.24425202800332654,0.7659017732147892,129089.53708941457,0.31598325233533464
150,2.1695760988129935,0.26277531031216683,-0.4893352863855439,0.8697872956350016,158478.8049406497,0.3320516713163658
151,2.8996240706949727,0.31683902787843543,-0.32288494288379804,1.0505668446459473,194981.20353474864,0.3073563531664268
152,3.58884385479577,0.3609044359670668,-0.2602649891038408,1.0903160932452163,229442.1927397885,0.3338903499639148
153,1.9628078801170736,0.24566340526045782,-0.2127947664574752,0.8603402505382395,148140.39400585368,0.31286343533009275
154,1.9475459501139976,0.24436298612759288,-0.239071287171812,0.8591418301759361,147377.29750569988,0.3104234825672527
155,7.899255711178453,0.5559803791875464,-0.2624942931584279,1.5139913663351128,444962.7855589227,0.32800542905900965
156,2.263189006493629,0.27023097234986926,-0.2472987553211173,0.912243449569972,163159.45032468144,0.31732906273877964
157,10.340765568192639,0.6341746055884454,-0.2129195406765936,1.5978149651800257,567038.2784096319,0.34512376856808624
158,3.837624762913589,0.37551374665302806,-0.3277033143666668,1.1226019598874175,241881.23814567947,0.3342500748800137
159,1.1412527501422067,0.16647829123945224,-0.3436759430933015,0.6419645171361403,107062.63750711034,0.32007243464146706
160,1.3115966197166764,0.18467763595771247,-0.2575958058818605,0.7050104246987978,115579.83098583382,0.30743992710614176
161,1.6503105920327896,0.21789706297889633,-0.37452474200944297,0.7449217235440662,132515.5296016395,0.3445851814661158
162,0.31052986821310613,0.05621738204853144,-0.38548361575903706,0.33319504382112336,65526.493410655305,0.3012467989045082
163,3.3867401722907795,0.34856349048412216,-0.26241156792873954,1.065382410895009,219337.00861453897,0.33256394199770195
164,4.196048694206155,0.395541953106491,-0.25677922634471906,1.1844980507259038,259802.43471030775,0.3266731202752423
165,3.9322604437421163,0.38091391845032896,-0.2201909770220912,1.174164095726808,246613.02218710582,0.31853259082385915
166,8.3568253023802,0.5718388383232489,-0.2048182185937343,1.4524946833659447,467841.26511901,0.3549700752500323
167,2.62449937681856,0.2974969422139171,-0.27433261556349203,0.9440366704801348,181224.968840928,0.3355150710157074
168,7.6267836998344904,0.5462254351674856,-0.2715151437692929,1.425976548662714,431339.1849917245,0.34852180651668924
169,4.41233032729162,0.40709983964247676,-0.29088931260825973,1.140055534044754,270616.516364581,0.3553297128241061
170,3.2238544674264498,0.3382827397310073,-0.34586584694455835,1.0602544279620592,211192.7233713225,0.32508776452051297
171,-0.17563173651346287,-0.03830853600298556,-0.4688515497278039,0.04213790572584849,41218.41317432686,0.32418095145242865
172,6.880329737053372,0.518181113861591,-0.31293084382337777,1.3410077154081887,394016.4868526686,0.36007007021434473
173,5.49345472652095,0.4598927497225267,-0.21019064364080225,1.3312052520921582,324672.7363260475,0.3235517159516494
174,0.8615603650106134,0.1339186286478573,-0.31416837849810897,0.5406404126189338,93078.01825053067,0.3413044899146531
175,4.050396659027554,0.3875402961883869,-0.2964652875428444,1.1628327707745059,252519.83295137773,0.32825830269380524
176,5.972158519853829,0.48104637619903134,-0.2889188147887215,1.3448202852367797,348607.9259926914,0.3336016060580483
177,4.072675788357166,0.38877606717134694,-0.2541152219133351,1.1219478162350673,253633.7894178583,0.3469914375623968
178,4.732306133306212,0.4235410201826484,-0.29963700956579564,1.245459483420003,286615.3066653106,0.3266189747251506
179,4.36954470288179,0.4048430308841513,-0.34340711617883796,1.147143192665774,268477.2351440895,0.3499263269731453
180,0.9275130203617747,0.1419311172393385,-0.38578771108751897,0.5540132500715635,96375.65101808874,0.35312716237139447
181,1.844585543014933,0.23544685199039095,-0.4216365457247868,0.8009119334393057,142229.27715074664,0.3332947768654692
182,6.750338789521529,0.5130825088869999,-0.22222184444670953,1.4366911702661171,387516.93947607646,0.3253048281920087
183,3.3794777679572503,0.3481116559855144,-0.23009298154129004,1.1395009725786747,218973.88839786252,0.3027492179127232
184,1.0329182451899626,0.1542938639580318,-0.39626086187320575,0.6348405402461319,101645.91225949813,0.29516521649076993
185,1.5997664339212578,0.2131634099470947,-0.2763073924658875,0.7773973937215435,129988.32169606289,0.3107720416464016
186,4.44294654238088,0.4087060296073366,-0.3323581613145912,1.1913214199676425,272147.32711904397,0.3349474096012537
187,3.0281745970110547,0.3255052468308828,-0.24582216455166464,1.0088231815275615,201408.72985055274,0.33502809439100084
188,2.811004035865392,0.31073105208581464,-0.37381402862083096,1.0273335843348423,190550.2017932696,0.3106005162912965
189,8.76748044852024,0.5855529155733181,-0.24969751527771644,1.3745524054294367,488374.02242601203,0.39182713007723996
190,3.8107367393970177,0.3739640770653012,-0.2705847575782303,1.0755032768485546,240536.83696985088,0.3543788212410994
191,2.822299730689282,0.3115158480992639,-0.2241492380499823,0.9702290215097997,191114.98653446411,0.33899688914100173
192,7.315221572125614,0.534765038110725,-0.3594337008927742,1.4046919478627549,415761.0786062807,0.3481059586803194
193,3.500211892964442,0.3555468491397247,-0.31634510843742103,1.0867454757400319,225010.59464822212,0.3311287195901671
194,2.4122159506278216,0.28175534339311104,-0.24628434810199237,0.9974136544592707,170610.7975313911,0.2917575821030606
195,0.8074011593907,0.12716776958984743,-0.26494695182599937,0.5406833216141071,90370.057969535,0.31233576333343477
196,0.7174990152125484,0.11559653485780297,-0.3907489203534693,0.5001104359436253,85874.95076062743,0.3235683840252879
197,1.7680763171928948,0.228653070972338,-0.2622843279426236,0.7784740581894688,138403.81585964473,0.3386660458785029
198,4.874812323727397,0.43062851097839694,-0.2855371001521617,1.2826792878837723,293740.61618636985,0.31911190842350895
199,1.3078120000336901,0.18428510249565067,-0.3309801904385465,0.6690746815886895,115390.6000016845,0.34035154195126927
200,0.08055935510368273,0.01579329171200583,-0.5265148249513261,0.20944653167233676,54027.96775518414,0.320628665246382
201,4.460653844754115,0.40963170427111195,-0.26619539718770524,1.2678817496812993,273032.69223770575,0.30875452709148854
202,3.073628273683908,0.3285167181262145,-0.2749669124642162,1.0583526719039902,203681.4136841954,0.31597564716955445
203,7.147592438579434,0.5284566159878008,-0.2624177756383845,1.4132506785981955,407379.62192897167,0.34173355302458935
204,3.5416332928101157,0.35806105139949596,-0.30795577309699584,1.110602496498786,227081.6646405058,0.32316604663218074
205,2.2890881725086842,0.27226350815585953,-0.29678136413076006,0.8985137285242506,164454.4086254342,0.3283077606091794
206,3.403986119164072,0.34963407033172844,-0.3195165710903103,1.1387197268663398,220199.3059582036,0.3038594806307138
207,3.222755152758232,0.338212288507155,-0.28563428211428254,1.1182234787343703,211137.7576379116,0.301512799513741
208,9.152031134140943,0.5979842882555233,-0.20220514251515762,1.5427664990783088,507601.55670704716,0.3419470153203875
209,0.438509790520933,0.07631012232544121,-0.3636363216929057,0.38881877765471407,71925.48952604664,0.33025195083883396
210,3.7468840644138117,0.3702561007722682,-0.2744558370653246,1.114220957801372,237344.2032206906,0.3330021281648247
211,2.522572117438911,0.2900331700636234,-0.2787359245558899,0.9577403485485738,176128.60587194553,0.31947179764608025
212,2.7125613903153765,0.30381176096824136,-0.371686453157322,0.9271559812544689,185628.06951576882,0.354697081661519
213,1.6262086876152861,0.2156488948941231,-0.33233293881337467,0.7852004150783364,131310.43438076432,0.3096721395479071
214,2.1228106065193137,0.2589847445588862,-0.2832969183446482,0.8462649989220317,156140.5303259657,0.3409145347241854
215,3.1358372385264124,0.3325951357311203,-0.2918551480910907,1.0343697076683214,206791.86192632062,0.3307586579247618
216,2.346917953914615,0.27675624536527876,-0.28285569789235515,0.9176962018186188,167345.89769573076,0.32392457456704843
217,1.745658141807581,0.22663404691021727,-0.3064514430221398,0.7670064924876038,137282.90709037904,0.34343442810074215
218,1.1171577934012813,0.1638115829303015,-0.28338951017873587,0.6255491568247705,105857.88967006406,0.3317792830224502
219,1.4972315276720547,0.2033305086238979,-0.42111130335905234,0.7378986448103918,124861.57638360273,0.32146715844760637
220,3.955728599714562,0.3822402722634115,-0.26487402924205866,1.1913174362954813,247786.42998572811,0.3130268941252017
221,1.4920565066639302,0.20282575433646755,-0.36868467978506086,0.7164193614997233,124602.82533319651,0.33722664847547684
222,4.238239261884485,0.39782631820097625,-0.3526375039034135,1.175237401573326,261911.96309422425,0.3321292695644234
223,3.696051368238912,0.3672756509659638,-0.2905507836308649,1.1643669362467328,234802.5684119456,0.30992112283909934
224,6.378687658768037,0.49811909749581673,-0.3714859608599817,1.3743685249691222,368934.38293840183,0.33514156471480255
225,1.066728554580977,0.15815100956059003,-0.37366845319525394,0.6571570805699312,103336.42772904885,0.28566260929405507
226,9.64657903743338,0.6134308390410623,-0.20850826702523864,1.6041645152635713,532328.951871669,0.3331246509611154
227,5.557785921753053,0.46280641601859873,-0.19310308433599602,1.349039028572579,327889.2960876527,0.32014433584849894
228,2.8356581838784383,0.31244157503902725,-0.277864770045748,1.0361343475302942,191782.90919392192,0.3089345071758983
229,11.00617533417707,0.653128315635312,-0.2743367792134879,1.6300250271370624,600308.7667088535,0.34520107373363007
230,9.169298390117827,0.598533615259689,-0.24870615321112055,1.5499845648531057,508464.9195058914,0.34033472591761005
231,0.8795213872919905,0.1361228405475261,-0.3060134706562181,0.5730357834329959,93976.06936459952,0.30431461797168724
232,9.86415310370318,0.6200456638889251,-0.34236906348151996,1.5359673000622236,543207.655185159,0.3556038326352549
233,6.460946173240869,0.5014819509241495,-0.27656207679297695,1.6006399785836334,373047.3086620434,0.2783224836453473
234,1.9652347042544092,0.24586969430950378,-0.4780724150801771,0.8492494562058995,148261.73521272046,0.3193904690078455
235,1.049632321165367,0.15620698195350502,-0.2739001880030596,0.614978160086258,102481.61605826835,0.31853910345975167
236,3.2251421029794827,0.3383652411818807,-0.29991511673508114,1.1363104141800484,211257.10514897414,0.2950940658436046
237,3.5241279876718377,0.3570007529101902,-0.25453737278136856,1.055779151013424,226206.3993835919,0.34657849773807614
238,6.466695661357191,0.5017158908977644,-0.2600250157587273,1.35184825302923,373334.78306785953,0.34516459528059046
239,1.5459760366199964,0.2080443944898105,-0.2973264511967527,0.7442687217357866,127298.80183099982,0.3249929443483261
240,4.602682648133911,0.416971102874895,-0.25225477063833074,1.2628306169709702,280134.1324066955,0.3159465714319825
241,3.474857918244373,0.3539987873392585,-0.3476189055510327,1.0173933342029249,223742.89591221866,0.3629144864770207
242,8.585182243719903,0.5795228699641928,-0.30823485831916086,1.4877217579601931,479259.11218599515,0.348531324903368
243,1.4184038553033376,0.19554968078575685,-0.37824156335851644,0.7207649497315124,120920.19276516688,0.3181440977833484
244,5.516774427293236,0.4609515873941574,-0.2332413914914871,1.2500066060158235,325838.7213646618,0.35344207166659636
245,2.428634347779915,0.28300028780575714,-0.2536413686078782,0.9027094736071224,171431.71738899575,0.3410104761816995
246,3.0695683897340365,0.328248829385974,-0.32580936926555804,1.0789076300347842,203478.4194867018,0.3070200029296084
247,5.856732915297634,0.4760543933264585,-0.270185838666284,1.2617109348086415,342836.6457648817,0.3604450903099201
248,2.282868293628124,0.2717765475628291,-0.21836629972944707,0.9080919368404542,164143.4146814062,0.3231580588980726
249,4.019521972551998,0.38582054041157354,-0.28596648041942463,1.1724160258803913,250976.09862759992,0.3226665539815756
250,5.832507409389461,0.4749981757588959,-0.25806172317151976,1.302643282829167,341625.370469473,0.34427706388472645
251,4.0246894396960755,0.3861089612231907,-0.43869906468670905,1.1348191768824925,251234.47198480376,0.33849502602425297
252,2.9012043098825955,0.31694693375241845,-0.3248137314968793,1.019289798819897,195060.21549412978,0.3213575082342459
253,2.3387514927354798,0.2761255750094671,-0.34415110366498286,0.883416954443063,166937.574636774,0.34261800836908024
254,3.691310360604426,0.36699636355963317,-0.29183778584447057,1.194779973533085,234565.5180302213,0.2995288261698303
255,12.448530818704763,0.6914973294970395,-0.21221606879396515,1.6885290783920028,672426.5409352381,0.34748704794454577
256,3.18830462591537,0.33599702510338947,-0.2284929015420065,1.0359940239005805,209415.2312957685,0.3335735631559164
257,2.8231345361459734,0.31157377479417137,-0.29852239429045446,1.0037389843467637,191156.72680729866,0.32202578194943043
258,2.4743753450739003,0.2864437467043779,-0.364584313891027,0.9388414051187028,173718.76725369503,0.3247612099890824
259,3.460764937267509,0.3531352708362696,-0.27414418889359204,1.153444425877885,223038.24686337545,0.3019646412878005
260,2.203732716354574,0.26551577022304906,-0.28094429087897854,0.8793763931360272,160186.6358177287,0.3296210568672386
261,4.601698396706168,0.41692075467402234,-0.25940508387755956,1.1860816664416065,280084.9198353084,0.34443743128750537
262,4.898218731410456,0.43177947316953413,-0.491580606332933,1.1851983440929639,294910.9365705228,0.3564072520201809
263,14.479571765658154,0.7403051444722677,-0.2281260458002418,1.7716921749905685,773978.5882829077,0.34688669895319413
264,3.253525247606307,0.3401787336187505,-0.2973206841971614,1.0236236812281274,212676.26238031534,0.3443425218313486
265,2.5634485619362235,0.2930468399254025,-0.2923107994175442,0.9827583887911643,178172.42809681117,0.3107894032342779
266,2.222112507859681,0.2669807877416128,-0.26680543267085316,0.9029298699104304,161105.62539298405,0.3188513776883382
267,7.290972473432722,0.53385877993234,-0.2343279011657576,1.3773241549923463,414548.6236716361,0.35744464468318526
268,4.606202685167278,0.4171511084234203,-0.39493745901336846,1.197012224867081,280310.1342583639,0.3396658168339352
269,5.79661916147043,0.4734279650107043,-0.3339768155751696,1.3096570048011509,339830.9580735215,0.3405808537899958
270,5.147057238441475,0.44379567789275365,-0.27398628850454243,1.37688260882131,307352.86192207376,0.2993486020216592
271,8.691474194384165,0.5830497923502236,-0.23604521310145532,1.517965232164231,484573.70971920824,0.34098688472726857
272,3.757635627277116,0.37088322735560086,-0.27105359572301263,1.1086610596939173,237881.78136385581,0.33570825995680326
273,2.778683288675918,0.30847519168102266,-0.25966855440617204,0.9788043677623176,188934.1644337959,0.3315396092939928
274,5.979686388458405,0.48136964885950295,-0.2968180548445904,1.3333911539833927,348984.31942292023,0.3375850798623121
275,1.4535173917631772,0.19904024131540954,-0.36339424328226566,0.7313777509157308,122675.86958815886,0.31807964115280685
276,1.866565258094544,0.23737160593973683,-0.28873784573615496,0.8451193296002717,143328.2629047272,0.3085311892804416
277,13.22659128920498,0.7108479308237372,-0.21554542809564312,1.783469151910231,711329.564460249,0.3324403872001026
278,2.13788692724986,0.2602116694529335,-0.28110560139057394,0.8483251230938096,156894.346362493,0.3425217001743051
279,0.2776275838842961,0.050799764214513043,-0.4668872063855441,0.3156527109448634,63881.3791942148,0.30800174118789353
280,2.049282007915878,0.252932292604638,-0.2669176768044937,0.926925482835967,152464.1003957939,0.288615683317647
281,10.92656463838386,0.6509054791687037,-0.28441963067447235,1.7162341779915535,596328.2319191931,0.3226742510612312
282,2.3070036862402437,0.27366203817448875,-0.38089889432808904,0.8967453442465607,165350.1843120122,0.33154246253142433
283,2.9530896922501304,0.32047068569748705,-0.288918666270626,0.9946917072412743,197654.48461250652,0.33695841253474607
284,0.48515800826784683,0.08327953399254429,-0.37277123766400233,0.41115403277987095,74257.90041339234,0.31504824960006794
285,4.022318557083491,0.38597666042932266,-0.2713033694054819,1.1665963060908306,251115.92785417454,0.3252153858821291
286,3.0469667350754683,0.3267535647759081,-0.31558060387329523,1.0580772046324403,202348.33675377342,0.313835922378533
287,2.4755836739024457,0.2865342202193297,-0.2544893158358799,0.9212720758701627,173779.18369512228,0.33442434554261763
288,2.971510741017256,0.321712861917951,-0.23354711508114243,1.0678102269867678,198575.5370508628,0.3053390374697872
289,3.501357464410175,0.3556166309375832,-0.2820023086260366,1.0519563499926323,225067.87322050874,0.3464105119000238
290,3.5642999455068,0.359429140151982,-0.3473382910574462,1.05755009349321,228214.99727534,0.34830881372690603
291,5.515211044640803,0.4608806961684635,-0.315533443036079,1.3118887034221878,325760.55223204015,0.33080537923678577
292,7.348590701115585,0.5360086972878577,-0.1868265175188835,1.447197430461944,417429.53505577927,0.3355503640654939
293,0.8701208326159884,0.1349712922552373,-0.4465398723007003,0.5564931463049583,93506.04163079942,0.3206209085087627
294,2.6089703761927434,0.2963707104049482,-0.42701959632665776,0.9695913710893919,180448.51880963717,0.32121312275570313
295,1.864838246491693,0.23722079930205364,-0.38569241189308523,0.8251420080401242,143241.91232458464,0.32092391638762024
296,3.7151529607272193,0.3683986304730671,-0.23508410086403891,1.1220994572997038,235757.64803636097,0.328115106924499
297,0.43810832160943036,0.07624936377932556,-0.29979705854129923,0.40652790421409696,71905.41608047152,0.27169164953474456
298,1.0994248885831501,0.161833485624715,-0.2793928329753358,0.6288583703088464,104971.24442915751,0.3211808090411623
299,10.014128944284046,0.6245440517461582,-0.2405972584861454,1.5618485554340498,550706.4472142023,0.35025372967140433
300,2.2976379208278552,0.2729316790480998,-0.19134510333010205,0.9862185529188908,164881.89604139276,0.2866006052180213
301,13.05450420973727,0.706642147085391,-0.3072639049206823,1.718515303915706,702725.2104868635,0.34632406901615187
302,2.4969664461375465,0.28813111740560915,-0.32112243861673945,0.9033474351269432,174848.32230687732,0.34837222020031444
303,0.2986540251807086,0.054274578729091694,-0.36743946398640126,0.3258151006314691,64932.70125903543,0.32373964792416193
304,2.9513109320263258,0.32035049524626036,-0.25397262670680726,1.043171312933538,197565.54660131628,0.31399028768186904
305,4.233962616893886,0.39759543355311644,-0.2541743288945785,1.1369736737221143,261698.1308446943,0.3485264138812196
306,10.76314801122197,0.6463053262404896,-0.20730295209307945,1.6030100623786563,588157.4005610985,0.34909522633325907
307,5.452512351041116,0.45802638860423084,-0.24857412537547996,1.3119469007921747,322625.6175520558,0.32917017430343193
308,4.834071278813948,0.42861639870216917,-0.22158731952493693,1.232752905370671,291703.5639406974,0.33527216711098223
309,4.542143503086557,0.41386107913115344,-0.22342974352500683,1.269995904904697,277107.1751543278,0.31077897059486576
310,2.4712586218361667,0.2862102663969319,-0.24396061573160585,0.9574663207451141,173562.93109180834,0.3149096604189234
311,2.108701997099203,0.2578322852849817,-0.21340126998212006,0.8817173341034451,155435.09985496016,0.31854934129750356
312,1.5576327716285854,0.20916099114219033,-0.33682766490046656,0.7498636458653046,127881.63858142927,0.323464359479348
313,9.348866920914384,0.6042026094226376,-0.2621501642051073,1.607485367708144,517443.3460457192,0.32785859079253815
314,4.491543132060012,0.4112407696776581,-0.26159515575091324,1.1305639218874826,274577.1566030006,0.363569196984977
315,3.316522988713192,0.34416963125410316,-0.2890071292583758,1.033370141314864,215826.1494356596,0.3442328489640036
316,6.589713087008308,0.5066872259632995,-0.25777357335939105,1.4300852609902168,379485.6543504154,0.3233843391345981
317,5.869794807707762,0.47662264926395825,-0.29358519671646743,1.2693738954558924,343489.7403853881,0.35831272296829664
318,19.709610149934882,0.8458315903945883,-0.23815818973053932,1.9560937629322,1035480.507496744,0.3439137544599618
319,4.533997028745563,0.4134405113999051,-0.29963167309761884,1.1225460974623875,276699.85143727815,0.3705903000106273
320,4.075298120343013,0.38892123679647983,-0.2326263742033161,1.1323498359980064,253764.90601715064,0.34202528723555436
321,3.3155588478978215,0.3441089042740799,-0.27384527918185303,1.0555275954412502,215777.94239489108,0.3331095610278964
322,10.043214393946798,0.6254107793812427,-0.20166555044809334,1.5562822204981668,552160.7196973399,0.35226385482766437
323,5.008706182388432,0.43716377938765905,-0.21860572782205373,1.2681490357866025,300435.3091194216,0.32896055735986746
324,2.350907483502185,0.27706389805875253,-0.44252100728410054,0.9183429754512142,167545.37417510923,0.3231093587477723
325,5.874199766934836,0.47681409209317827,-0.29545916434161484,1.3625273828424103,343709.98834674177,0.3250407963122043
326,6.485249580411471,0.5024698494161204,-0.24269903499140644,1.3159574734948916,374262.47902057355,0.35874825780317743
327,-0.11511894043989446,-0.02443183447831876,-0.44412740611049095,0.08741343002405567,44244.052978005275,0.32400573850272296
328,3.375556784395541,0.3478674613003687,-0.23678974951058746,1.1281243114458466,218777.83921977706,0.30636730441041116
329,4.045236725507064,0.38725346671235505,-0.2717656445744761,1.1678544791681562,252261.8362753532,0.3259366416170124
330,1.4002523298549447,0.19372939935856937,-0.26645659962868273,0.7173612081267254,120012.61649274724,0.3175603989726275
331,1.4517766760252906,0.19886814248857787,-0.2785572132727163,0.7142158809905439,122588.83380126453,0.3298846758597577
332,1.3943046479818162,0.19313056198274214,-0.2731852755298689,0.7230501697664028,119715.2323990908,0.31174038407082255
333,5.087256923885719,0.4409438962564938,-0.28726211196884144,1.229062216729012,304362.84619428596,0.3465642646526799
334,15.705424948293771,0.7673375300809051,-0.21130156041426196,1.7317083793490573,835271.2474146886,0.36835484504523514
335,8.11399562717937,0.5635018958836302,-0.26082215901686584,1.4845235994817312,455699.7813589685,0.3407114828383063
336,5.809294516827378,0.4739833009631631,-0.3122271139771625,1.2766488953491175,340464.7258413689,0.35324114948943797
337,2.4136786785107622,0.28186645013693523,-0.354529199723593,0.9603095670554485,170683.93392553812,0.3080509111348884
338,9.95940165223679,0.6229082515441902,-0.22603531427337992,1.6012389143561854,547970.0826118395,0.3386200330285
339,6.841523657265609,0.5166661013950211,-0.32367002105551157,1.3561268985131487,392076.1828632804,0.35329428299949656
340,9.78628904731389,0.6176906361681105,-0.2342868302916646,1.5747816244017743,539314.4523656945,0.3430092342213191
341,8.005186146899339,0.5597085982959451,-0.2455654665440417,1.4417507810383388,450259.307344967,0.35162296048276237
342,0.5539880184710027,0.09325067125109432,-0.3805128253372165,0.4381231560990102,77699.40092355013,0.32196544242753034
343,3.8130703490951223,0.37409884621596845,-0.2161456236108703,1.139153532250615,240653.5174547561,0.326637238856812
344,1.1959388737903813,0.17244299265823804,-0.49337002945887387,0.6328895975991844,109796.94368951906,0.3474713335418143
345,1.177421094418591,0.17043663366177353,-0.3022080581750449,0.6297644734495754,108871.05472092955,0.3460503800797625
346,3.2889844651900635,0.34243082508943745,-0.37773874693567905,1.0624371168856523,214449.22325950317,0.32792367608026657
347,2.884425364227156,0.315799406294907,-0.21754291443989934,1.0079529571343784,194221.2682113578,0.32490357912674367
348,1.7637218647469668,0.2282619240294772,-0.33002433481747656,0.7914860289037386,138186.09323734834,0.32733297050218735
349,1.314678691049107,0.18499692387057398,-0.26062274795804785,0.7115522911477502,115733.93455245535,0.3049626674211168
350,1.9514614914506652,0.24469712793261533,-0.24976327639408932,0.8337352354559876,147573.07457253325,0.3271411850471636
351,5.8816174298488795,0.4771362482432133,-0.28277566668432513,1.3498100943520364,344080.87149244396,0.32974730708911837
352,4.077868323005808,0.3890634625424141,-0.250840457726305,1.1456206410920329,253893.41615029043,0.3364424121137989
353,3.038965965583076,0.3262226587825756,-0.2615845184144055,1.0084611545461233,201948.2982791538,0.3361475615171009
354,4.6283252538669055,0.41828033973673384,-0.220571843716594,1.231189416617496,281416.26269334526,0.3279426712473879
355,3.342386355950154,0.345794626595721,-0.2612604322219597,1.030648801315322,217119.3177975077,0.3475751802872259
356,2.2850121483475982,0.27194447517227704,-0.3208758820158884,0.8968600757845638,164250.6074173799,0.329556282772033
357,8.047656793219582,0.5611935306939817,-0.30153665674871705,1.4190570564287597,452382.8396609791,0.3601317699580188
358,6.13566330375296,0.48800606009349234,-0.2103591410264251,1.3417383184748601,356783.165187648,0.3392832592601141
359,3.751239919783867,0.3705103093305451,-0.2406651250746141,1.0553893883291026,237561.99598919335,0.3606906583348987
360,7.293933009275214,0.5339695368541457,-0.2743440561216718,1.4275795453258526,414696.6504637607,0.3406268649048093
361,4.174338590072928,0.3943607105372535,-0.3326704275964902,1.1541175987687622,258716.9295036464,0.33781671580991557
362,3.8924439305068983,0.37865203984703344,-0.32949933727396574,1.0944015757521415,244622.19652534492,0.3502530105052456
363,4.651922927731054,0.4194809706166631,-0.25459101868698325,1.1980150629919,282596.14638655266,0.3414224992085125
364,1.7119515696161716,0.2235734736667474,-0.28882292668041526,0.8055522402926978,135597.5784808086,0.3112126537820905
365,1.6334068892916327,0.21632204380416908,-0.2746326582732139,0.7397579787400113,131670.34446458163,0.3476935086132372
366,4.178339984371891,0.3945787224476962,-0.22020164081670693,1.2342650600264229,258916.99921859454,0.30787848578024507
367,1.825237000858325,0.23374266470241922,-0.3218836765147055,0.8128409734836446,141261.85004291625,0.3230414030894249
368,8.660469790497922,0.5820242218679894,-0.27758741355330585,1.4293352670948893,483023.4895248961,0.36902483839113825
369,5.3435476356969005,0.45301278218871865,-0.3369139002928608,1.3022726444211659,317177.381784845,0.3286440499940592
370,1.3812730676268954,0.19181432815017163,-0.24700385430256874,0.7340539672010107,119063.65338134477,0.301020455565538
371,1.171646358149986,0.16980817018417382,-0.4450679280008801,0.6320097409980574,108582.31790749931,0.34042859969040257
372,0.925109520108877,0.14164298929992514,-0.36020418619355354,0.5885955195128096,96255.47600544385,0.3040029678907533
373,4.8728946801815605,0.4305340527463226,-0.24195730615674377,1.2639143850023085,293644.734009078,0.32538363479045007
374,1.4204817683354576,0.19575736327342752,-0.28145434469688735,0.7164425244925853,121024.08841677288,0.3219790639528546
375,4.401523298781581,0.40653114964951476,-0.2781273779977065,1.2765812300839086,270076.164939079,0.3033354445436149
376,0.5505769994626388,0.09276491399127518,-0.29195431137639505,0.44915774108516343,77528.84997313195,0.2941904617011828
377,2.8688344568352995,0.3147295801538874,-0.37391216239218045,1.01363143731226,193441.72284176497,0.32087241872182876
378,5.880949468101695,0.47710724938249305,-0.273106485072175,1.3659362741041823,344047.47340508475,0.3245857909468667
379,3.133264926625688,0.33242746831246905,-0.33470044170155483,1.0755843341959943,206663.24633128438,0.31241126494756505
380,6.602993335895338,0.5072200496950889,-0.2460152127805015,1.428328748899442,380149.6667947669,0.3242322870345364
381,3.1850695737640846,0.3357882566573662,-0.2706339625021547,1.0410331455222381,209253.47868820422,0.3308389989061054
382,6.926539034714699,0.5199774087551796,-0.26506544181599334,1.4328890969251045,396326.95173573494,0.3303291124628238
383,4.131008784834596,0.39199127426808955,-0.30172034472259657,1.1633456058148206,256550.4392417298,0.3317648344498111
384,3.9705748332096826,0.383076754025685,-0.24828353636993708,1.131033419691046,248528.74166048414,0.3371652638883042
385,3.4133797371744237,0.3502157934247967,-0.24518224940143235,1.0643127154308407,220668.98685872118,0.33535177696235163
386,1.6843686157172542,0.22104626848081366,-0.28130973432688605,0.8016053322804783,134218.4307858627,0.3084551179859438
387,1.6619296058596076,0.2189750349351225,-0.2771783272568193,0.7970466063146128,133096.48029298038,0.30838687517304963
388,6.285736352241674,0.49428292166161336,-0.33094293335905,1.2906166957204341,364286.8176120837,0.36229398924990935
389,4.296803503585836,0.400973014085902,-0.32202656644506994,1.1329966611001727,264840.1751792918,0.35341454100387465
390,4.066292365645965,0.3884224369917202,-0.2924526011989137,1.1294022002086779,253314.61828229824,0.34259196685935644
391,3.2272021410201237,0.33849719033979175,-0.3981574061190994,1.0422705421172729,211360.1070510062,0.3329878378747754
392,4.253346238268948,0.39864070160401477,-0.2164456632155835,1.1914692027955298,262667.3119134474,0.3264303720361452
393,2.175469273815342,0.26324980886162486,-0.2430836531376166,0.8738437663916694,158773.4636907671,0.3306510636775188
394,3.290571503844024,0.34253127356625535,-0.29730727144297586,1.0023795016991814,214528.5751922012,0.3587789175288044
395,2.097683438014805,0.25692933088058223,-0.2812914091921493,0.9284436135971151,154884.17190074024,0.2927095780203513
396,7.160139230891799,0.5289323590110506,-0.3033543612138087,1.3265691239475461,408006.96154458995,0.37292272496755197
397,3.3461892803179856,0.3460329127779782,-0.24630998219654693,1.0938041915002645,217309.46401589928,0.3179314146312049
398,1.7561648767469613,0.22758193473470079,-0.2336036631800364,0.7913294396284933,137808.24383734807,0.3269484341994546
399,1.2270711005881445,0.1757858825213987,-0.24151601758757524,0.6863116722724029,111353.55502940723,0.3031742625837252
400,9.02542079231075,0.5939334722373426,-0.2213297125681862,1.6241988202874222,501271.03961553756,0.3185793558636124
401,4.633391813102868,0.41853846031856956,-0.3437336541121963,1.2252089193237223,281669.59065514343,0.3300633226004944
402,4.236204531494538,0.397716487298746,-0.31330625209052304,1.1760106328742082,261810.2265747269,0.33203801531744837
403,1.6596062602726622,0.21875978362386772,-0.33759597829192173,0.7833186620869759,132980.3130136331,0.3170500765658613
404,6.093015524650258,0.4862030959257624,-0.23101692300199705,1.2420281757574234,354650.7762325129,0.3766819642627941
405,3.398048980095208,0.3492658875506143,-0.22159770600884743,1.1143537018039003,219902.4490047604,0.3128724216093141
406,2.687686892037383,0.30204025811767243,-0.24358818840959034,1.0068289691986279,184384.34460186915,0.3107127000686342
407,2.1737882694479613,0.2631145317290662,-0.2246266723049836,0.8355142832529115,158689.41347239807,0.3566654613458253
408,3.729952003260684,0.3692661713384986,-0.24554026449619876,1.1374708882284332,236497.6001630342,0.3220554885579215
409,12.99713419382742,0.7052309012260409,-0.2541792380148352,1.7266137878579662,699856.7096913711,0.3434810303222239
410,12.316288034558697,0.6881200958744464,-0.23011432634371232,1.69408195404497,665814.4017279348,0.3445855092235591
411,1.6468713922163705,0.2175772628545496,-0.5694351081642625,0.743660486502568,132343.56961081852,0.3452849516844147
412,1.9863759728405124,0.24766110646589645,-0.3247811445402425,0.8662034109412259,149318.79864202562,0.3124923601198059
413,3.356752047485335,0.34669389023427755,-0.3082660290375859,1.0992977496885918,217837.60237426675,0.3170257292298971
414,7.747692665248984,0.5505840700899396,-0.26969329608228104,1.4110178562606897,437384.6332624492,0.3560145972532394
415,2.0802761534028598,0.25549759467782285,-0.2392954299778493,0.9202707578962237,154013.807670143,0.2952179504128571
416,7.938595670589576,0.5573690599148793,-0.25137846349133774,1.5237372306643793,446929.7835294788,0.3257574543179075
417,2.8649844810311778,0.3144648708294211,-0.27037260130454793,1.029003908878003,193249.22405155888,0.3136825435369711
418,4.68046089842431,0.4209276290724786,-0.257293284263269,1.2801737656244594,284023.0449212155,0.3129760589381068
419,4.960198301195422,0.43480968914832285,-0.24795437403589787,1.241702077658973,298009.9150597711,0.3369349491418199
420,1.333726702519554,0.18696271681748655,-0.28780196514711937,0.7371388768639567,116686.3351259777,0.289820046740818
421,6.588802704853299,0.5066506728172111,-0.25543941993209895,1.366724959218985,379440.13524266495,0.3434995289850707
422,8.492694010664943,0.5764284979902352,-0.22452838007457473,1.6179416371500985,474634.70053324715,0.31167576735702396
423,3.0972667144651194,0.33007226842787585,-0.28401513488827507,0.9899238030362268,204863.33572325596,0.3503325368410862
424,1.1499922877672395,0.16743962411431368,-0.3778091345766409,0.6761981349187948,107499.61438836198,0.29217690561249793
425,4.661323834070946,0.4199581675285218,-0.290211742989526,1.1732342585866147,283066.1917035473,0.3523862269414325
426,4.868321574118629,0.43030869385742565,-0.22628166384185672,1.2143398461643922,293416.07870593143,0.34361437347213136
427,6.818911520637687,0.515780550080911,-0.23256318023815997,1.3581475780527879,390945.57603188435,0.35193211454750767
428,1.6000887447173104,0.21319382726009484,-0.2616265247586543,0.7593097141420682,130004.43723586552,0.3247072475252379
429,1.3522872452949457,0.18886592758576137,-0.38180360549258185,0.7035364676288659,117614.36226474728,0.3178398276655763
430,2.9470115634232106,0.32005980947314727,-0.2569291429888786,1.0403928931740307,197350.57817116054,0.3150882927768936
431,4.182795890889612,0.39482133989689316,-0.3924490694874235,1.1889589613728124,259139.79454448062,0.32403524006227574
432,4.712099154655312,0.42252468722981873,-0.4201886690242512,1.1398505936048087,285604.9577327656,0.36907774048618885
433,8.423698677286215,0.5741044249952865,-0.2131960114398923,1.4799822087550136,471184.93386431073,0.3476466666959721
434,6.268872983945935,0.4935827774065946,-0.2604342770550066,1.3168661237249664,363443.64919729676,0.3523942660478306
435,8.806421405742219,0.5868293478501554,-0.2978327159815477,1.544941452618391,490321.0702871109,0.33548980071008383
436,2.4058097214005336,0.28126828719578256,-0.2696686225475511,0.8757629146676054,170290.48607002667,0.35560954897474956
437,3.083313297519788,0.3291549189467924,-0.2528413439727814,1.009434115494572,204165.6648759894,0.3390638504144678
438,5.5209707289224585,0.4611418006652752,-0.2201152528884046,1.4037030145630578,326048.5364461229,0.3030381227721715
439,1.0942147125242605,0.16124975997178526,-0.42765147074763926,0.6204798424524651,104710.73562621302,0.32890361843356425
440,3.9072961813856075,0.3794974711808057,-0.2546300692661811,1.1528215810764924,245364.80906928037,0.325136183477743
441,0.36833726114979015,0.0654784805634605,-0.391599539880176,0.35878238992851735,68416.8630574895,0.337309414184606
442,2.4523604352954433,0.28479097102885764,-0.20009823882351555,1.00229487284499,172618.02176477216,0.2932359746479135
443,1.5084867789411276,0.2044254338266025,-0.3262476465728965,0.7275166293669272,125424.33894705639,0.3311835296276206
444,3.063195480643097,0.3278278869026927,-0.30516658909718675,1.0058540942222218,203159.77403215485,0.33995538843031065
445,1.7902440948392218,0.23063675729429844,-0.2763910576892541,0.7929794190176552,139512.2047419611,0.332176758619007
446,7.727627246300905,0.54986407381341,-0.29632764805860706,1.4195528281073946,436381.36231504526,0.3524843181098285
447,4.531546043916343,0.4133138808563579,-0.24857412537547965,1.24496993614389,276577.3021958172,0.31918746149251176
448,4.292182780574978,0.4007257508700235,-0.3592874213191118,1.1445081269610817,264609.1390287489,0.3470573516479757
449,2.1705938140561605,0.26285730355470593,-0.2907908285749745,0.91757069298312,158529.69070280803,0.3053477372753114
450,4.7206112414592925,0.4229531613797588,-0.21530740829596373,1.2856043190440656,286030.5620729646,0.31254611926264547
451,4.503120960198009,0.41184201456892944,-0.2878161218610592,1.1815993984343416,275156.04800990043,0.34115033341277445
452,2.3984994094038607,0.28071160125732253,-0.4007618233754449,0.8871291248804027,169924.97047019305,0.34704768224863347
453,1.8703592070158992,0.23770264797208762,-0.3460734265590321,0.8022942983320626,143517.96035079495,0.33647021165625346
454,2.582726917563247,0.29445860063688567,-0.27334055331225926,0.9959809319592781,179136.34587816233,0.3065811263618831
455,1.2989935754370472,0.18336847624943853,-0.3012476162936794,0.6960586774624797,114949.67877185236,0.31240885313835753
456,2.3345076855161047,0.2757973529521742,-0.3537118263433463,0.9194146929037423,166725.38427580523,0.3212325052176702
457,1.7783864511400993,0.2295772449888971,-0.31876511739696917,0.7988444884854805,138919.32255700495,0.32535283841047224
458,3.2999569132314557,0.34312469931460554,-0.34065844553027325,1.1097911823832076,214997.8456615728,0.3092443904341989
459,5.129668187707902,0.44296871228516865,-0.2915845718189221,1.2557173466272449,306483.4093853951,0.3375113613081228
460,2.5847894408242746,0.29460928080964965,-0.2709810966515249,0.9230368784336156,179239.47204121374,0.34449036374373365
461,16.005370117996026,0.7737098578534005,-0.25670936539357814,1.787095810251181,850268.5058998013,0.3565876491206646
462,32.16352128960934,1.0302491737825794,-0.20690257566688486,1.994572313053755,1658176.064480467,0.3947301573994885
463,1.9705193060321884,0.24631843949722487,-0.3302212876613934,0.817805686056704,148525.96530160942,0.3408894724006557
464,1.1015419216373563,0.16207033872449816,-0.3067509059451057,0.6194334559799584,105077.09608186781,0.33024931748248754
465,1.9483407066770306,0.24443083715344294,-0.3558029034754308,0.8433482053487658,147417.03533385153,0.32093207338946683
466,2.276809792878227,0.2713015132869945,-0.2440636231996606,0.9283039864495748,163840.48964391137,0.31046297743311785
467,0.4718569467222393,0.08131031639770914,-0.3333551682476072,0.4226120897940429,73592.84733611197,0.27381435982104985
468,3.6505863548114394,0.3645880380259541,-0.31809964129432977,1.1260544660382368,232529.31774057198,0.32261186982208057
469,5.342557949577348,0.45296693167191737,-0.3080152717198217,1.2329296638850042,317127.8974788674,0.3543649469029836
470,2.042727137575722,0.2523871008007441,-0.3675709129220891,0.8566161941941476,152136.35687878611,0.3243184070871391
471,1.034917883708303,0.1545234048889832,-0.3143791762715904,0.6398977272115659,101745.89418541515,0.2907835412936299
472,6.594926472924841,0.5068964835253624,-0.33562018430393464,1.3557172279733218,379746.32364624203,0.34724157048253135
473,5.3164789068602705,0.45175667110614137,-0.2107455672278869,1.3164464906659816,315823.9453430135,0.32321694116518973
474,6.094669890147176,0.4862731963770015,-0.20315828290237364,1.357430265523661,354733.4945073588,0.333233822187242
475,5.146513407929709,0.4437698434037902,-0.3116147384776105,1.288623300229426,307325.6703964855,0.3265667749956416
476,3.929291326534311,0.38074575378312847,-0.32473819353607436,1.160022481250184,246464.56632671555,0.32359340403082376
477,0.11747270635115159,0.02271772405746919,-0.553932670934812,0.23564064849731345,55873.63531755758,0.33209395618992543
478,4.125326383401151,0.39167935651413055,-0.2935846397720422,1.1856071005696118,256266.31917005754,0.32345386485524513
479,2.3420258567315515,0.27637859157106504,-0.32873922066873523,0.9196272430538249,167101.29283657757,0.32172271988751716
480,4.236911087340655,0.39775462970651065,-0.27546724825019503,1.1085757494562045,261845.55436703275,0.36131230056059593
481,4.275856882981283,0.3998507410999237,-0.2838704754137714,1.1197190749389125,263792.84414906416,0.35709862014804006
482,0.7627450501427131,0.121478973904527,-0.3917546413147162,0.5340780100047776,88137.25250713565,0.29744300656414013
483,0.5990838196244264,0.09959405556124601,-0.3081150556131398,0.45936096888305616,79954.19098122131,0.31690835413062235
484,2.986025404656123,0.3226883875164299,-0.25831329240753725,1.0364491493422294,199301.27023280616,0.3197326669702137
485,5.798478160459826,0.4735094636295012,-0.23089152410746097,1.326585217663429,339923.9080229913,0.33491555337568407
486,3.6955894063625605,0.36724844720702676,-0.24327961107403206,1.1259074958765056,234779.47031812803,0.3251716541360107
487,6.711331561535371,0.5115392345620331,-0.2594046502081126,1.4766540053831203,385566.57807676855,0.31347932559210895
488,8.100204414294625,0.5630231149517899,-0.28823923567046816,1.4595158611635626,455010.22071473126,0.3475211987264026
489,7.225110457039573,0.5313866122632698,-0.2629727374745033,1.3816613302382315,411255.52285197866,0.35425994034172653
490,9.538736646587129,0.6101120922194583,-0.25822169485442,1.4505813299474446,526936.8323293565,0.3781137163387155
491,1.6771632001994266,0.22038268283588391,-0.4715683753579417,0.7811847168343707,133858.16000997133,0.3217715266068049
492,3.2785273790159133,0.3417682220913463,-0.2653971061152092,1.017580083006788,213926.36895079567,0.34987443719668415
493,2.515504198663552,0.2895092525802556,-0.25352057432822234,1.0151371624799381,175775.2099331776,0.2928682090924725
494,8.837884138264883,0.5878577039607864,-0.245606500383131,1.3613163691628807,491894.20691324415,0.39834175729618787
495,3.242355387543002,0.33946620990647447,-0.2527815844184571,1.106482973624831,212117.7693771501,0.3069376477842088
496,7.455158278114517,0.5399540702433869,-0.24985833252338072,1.421651365980904,422757.9139057259,0.3465782000480032
497,2.156336274014764,0.26170671207016194,-0.3676517846263089,0.8572814786741936,157816.8137007382,0.33813453611861294
498,6.217587690927979,0.4914454884787527,-0.2752016860301242,1.298866649105242,360879.38454639894,0.35695773470473285
499,10.50147343016684,0.6388319107292233,-0.34117225834341725,1.6374607638727172,575073.671508342,0.33666229574743656
500,1.4159698507469645,0.19530622667943165,-0.26612592108400623,0.711225661127764,120798.49253734823,0.32657888407495467
